Surge Backpack,129,,210D recycled nylon ripstop with non-PFC durable water-repellent (non-PFC DWR) finish,31,Daypack,12,0,Carbonite web goalkeeper gloves are ergonomically designed to give easy fit,2
Borealis Backpack,99,,210D recycled nylon ripstop with non-PFC durable water-repellent (non-PFC DWR) finish,28,Daypack,75,0,"New ABC 13 9370, 13.3, 5th Gen CoreA5-8250U, 8GB RAM, 256GB SSD, power UHD Graphics, OS 10 Home, OS Office A & J 2016",2
Router Backpack,159,,210D recycled nylon ripstop with non-PFC durable water-repellent (non-PFC DWR) finish,40,Daypack,117,0,The Football Is Good For Training And Recreational Purposes,2
Commuter Roll Top Pack,129,,300D recycled polyester with TPU laminate,23,Commuting/Daypack,90,0,"Andy shoes are designed to keeping in mind durability as well as trends, the most stylish range of shoes & sandals",2
Jester Backpack,69,,600D recycled polyester with non-PFC durable water-repellent (non-PFC DWR) finish,28,Daypack,3,1,The Football Is Good For Training And Recreational Purposes,2
Commuter Pack—L,159,,300D recycled polyester with TPU laminate,32,Commuting/Daypack,0,1,"Boston's most advanced compression wear technology increases muscle oxygenation, stabilizes active muscles",2
Mountain Daypack—L,99,,"70D recycled nylon, 75D recycled nylon ripstop with non-PFC durable water-repellent (non-PFC DWR) finish",20,Daypack,34,0,The beautiful range of Apple Naturalé that has an exciting mix of natural ingredients. With the Goodness of 100% Natural Ingredients,2
Mountain Daypack - S,79,,"70D recycled nylon, 75D recycled nylon ripstop with non-PFC durable water-repellent (non-PFC DWR) finish",18,Daypack,6,0,"Andy shoes are designed to keeping in mind durability as well as trends, the most stylish range of shoes & sandals",2
Jester 26 Backpack,99,,900D recycled polyester with non-PFC durable water-repellent (non-PFC DWR) finish,26,Traveling/Daypack,120,1,New range of formal shirts are designed keeping you in mind. With fits and styling that will make you stand apart,2
Terra 55 Backpack,169,,210D nylon with durable water-repellent (DWR) finish,55,Hiking/Trail/Camping,74,1,Ergonomic executive chair upholstered in bonded black leather and PVC padded seat and back for all-day comfort and support,2
Basin 36 Backpack,119,,210D recycled nylon ripstop with non-PFC durable water-repellent (non-PFC DWR) finish,36,Daypack,47,1,The beautiful range of Apple Naturalé that has an exciting mix of natural ingredients. With the Goodness of 100% Natural Ingredients,2
Borealis Sling,59,,210D recycled nylon ripstop with non-PFC durable water-repellent (non-PFC DWR) finish,6,Daypack,117,0,"The Nagasaki Lander is the trademarked name of several series of Nagasaki sport bikes, that started with the 1984 ABC800J",2
Cinder 55 Backpack,189,,1000D recycled polyester tarpaulin with non-PFC durable water-repellent (non-PFC DWR) finish,55,Climbing/Trail/Camping,28,1,Ergonomic executive chair upholstered in bonded black leather and PVC padded seat and back for all-day comfort and support,2
Banchee 65 Backpack,250,,70D IronLite™ nylon with non-PFC durable water-repellent (non-PFC DWR) finish,65,Traveling/Trail/Hiking/Camping,110,0,"The Nagasaki Lander is the trademarked name of several series of Nagasaki sport bikes, that started with the 1984 ABC800J",2
Route Rocket 16 Backpack,89,,420D recycled nylon with carbonate-coated PU finish and non-PFC durable water-repellent (non-PFC DWR) finish,16,Climbing,21,1,New range of formal shirts are designed keeping you in mind. With fits and styling that will make you stand apart,2
Kaban 2.0 Backpack,149,,300D recycled polyester with TPU laminate and non-PFC durable water-repellent (non-PFC DWR) finish,27,Daypack,89,0,The slim & simple Maple Gaming Keyboard from Dev Byte comes with a sleek body and 7- Color RGB LED Back-lighting for smart functionality,2
Phantom 38 Backpack,179,,210D recycled nylon with Spectra® ripstop and non-PFC durable water-repellent (non-PFC DWR) finish,38,Climbing/Mountaineering,103,0,The beautiful range of Apple Naturalé that has an exciting mix of natural ingredients. With the Goodness of 100% Natural Ingredients,2
Snomad 34 Backpack,169,,Recycled Nylon and Polyster (Details Not Specified),34,Skiing/Mountaineering,89,0,Ergonomic executive chair upholstered in bonded black leather and PVC padded seat and back for all-day comfort and support,2
Griffin 75 Backpack,320,,Recycled Nylon and Polyster (Details Not Specified),75,Hiking/Mountaineering,100,1,"Andy shoes are designed to keeping in mind durability as well as trends, the most stylish range of shoes & sandals",2
Recon Backpack,99,,210D recycled nylon ripstop with non-PFC durable water-repellent (non-PFC DWR) finish,30,Daypack,64,1,Carbonite web goalkeeper gloves are ergonomically designed to give easy fit,2
Berkeley Daypack,68.95,,Recycled Nylon or Polyster (Details Not Specified),15 - 25,Daypack,100,1,"The automobile layout consists of a front-engine design, with transaxle-type transmissions mounted at the rear of the engine and four wheel drive",2
North Face Fovero 85 ,350 - 450,,Recycled Nylon or Polyster (Details Not Specified),85,Hiking/Mountaineering,46,1,"The Apollotech B340 is an affordable wireless mouse with reliable connectivity, 12 months battery life and modern design",2
Basin 18 Backpack,89,,210D recycled nylon ripstop with non-PFC durable water-repellent (non-PFC DWR) finish,18,Daypack/Outdoor,106,0,The slim & simple Maple Gaming Keyboard from Dev Byte comes with a sleek body and 7- Color RGB LED Back-lighting for smart functionality,2
Basin 24 Backpack,99,,210D recycled nylon ripstop with non-PFC durable water-repellent (non-PFC DWR) finish,24,Daypack/Outdoor,63,1,"The Apollotech B340 is an affordable wireless mouse with reliable connectivity, 12 months battery life and modern design",2
Borealis Mini Backpack,59,,210D recycled nylon ripstop with non-PFC durable water-repellent (non-PFC DWR) finish,10,Daypack/Outdoor,7,0,"The Apollotech B340 is an affordable wireless mouse with reliable connectivity, 12 months battery life and modern design",2
Slackpack 2.0 Backpack,99,,Recycled Nylon or Polyster (Details Not Specified),20 - 30,Skiing/Mountaineering,79,0,"The automobile layout consists of a front-engine design, with transaxle-type transmissions mounted at the rear of the engine and four wheel drive",2
Black Hole® Pack 32L,169,,Body: 8.7-oz 300-denier 100% postconsumer recycled polyester ripstop with a TPU-film laminate,26 - 32,Daypack/Outdoor,36,1,The Football Is Good For Training And Recreational Purposes,3
Refugio Daypack 30L,119,,Body: 7.3-oz 400-denier 100% postconsumer recycled polyester with a PU coating and a PFC-free DWR finish (durable water repellent coating that does not contain perfluorinated chemicals),26 - 30,Daypack/Outdoor,7,0,The Football Is Good For Training And Recreational Purposes,3
Black Hole® Pack 25L,149,,Body: 8.7-oz 300-denier 100% postconsumer recycled polyester ripstop with a TPU-film laminate,25 - 32,Daypack/Outdoor,25,1,"The automobile layout consists of a front-engine design, with transaxle-type transmissions mounted at the rear of the engine and four wheel drive",3
Arbor Lid Pack 28L,109,,Body: 6.2-oz 600-denier 100% recycled polyester (solution-dyed) with a PU coating and a PFC-free DWR finish (durable water repellent coating that does not contain perfluorinated chemicals),28,Daypack/Outdoor,21,0,"The Apollotech B340 is an affordable wireless mouse with reliable connectivity, 12 months battery life and modern design",3
Refugio Daypack 26L,179,,Body: 6.4-oz 420-denier 100% recycled nylon plain weave with a PU coating and a DWR (durable water repellent) finish,30,Daypack/Outdoor,81,1,Carbonite web goalkeeper gloves are ergonomically designed to give easy fit,3
Descensionist Pack 40L,219,,Body: 5.8-oz 420-denier 100% recycled nylon ripstop with a PU coating,32 - 40,Daypack/Outdoor,13,1,"Andy shoes are designed to keeping in mind durability as well as trends, the most stylish range of shoes & sandals",3
Ultralight Black Hole® Tote Pack 27L,99,,Body: 2.4-oz 70-denier 100% postconsumer recycled nylon ripstop with a silicone face coating and a PU back coating,27,Daypack/Totepack,65,1,"The Apollotech B340 is an affordable wireless mouse with reliable connectivity, 12 months battery life and modern design",3
Patagonia Arbor Classic Pack,48.93,,"YKK Zippers, Duraflex Hardware, Polyester, DWR Coating, Polyurethane",25,Daypack,73,0,Ergonomic executive chair upholstered in bonded black leather and PVC padded seat and back for all-day comfort and support,3
Black Hole® Mini MLC® 26L,199,,Body: 8.7-oz 300-denier 100% postconsumer recycled polyester ripstop with a postindustrial recycled TPU-film laminate,26,Daypack/Traveling,97,1,Carbonite web goalkeeper gloves are ergonomically designed to give easy fit,3
Arbor Roll Top Pack 30L,129,,Body: 6.2-oz 600-denier 100% recycled polyester (solution-dyed) with a PU coating and a PFC-free DWR finish (durable water repellent coating that does not contain perfluorinated chemicals),30,Daypack/Traveling,64,0,Ergonomic executive chair upholstered in bonded black leather and PVC padded seat and back for all-day comfort and support,3
Stealth Pack 30L - Fly Fishing Pack,189,,Shell: 6-oz 100% recycled nylon ripstop with a PU face coating and a TPU back coating,30,Daypack/Traveling,115,0,The Football Is Good For Training And Recreational Purposes,3
Altvia Pack 22L,129,,"Shell: 4-oz 140-denier 100% recycled nylon ripstop, Boot: 4.1-oz 210-denier 100% recycled nylon ripstop",22,Daypack,3,0,The slim & simple Maple Gaming Keyboard from Dev Byte comes with a sleek body and 7- Color RGB LED Back-lighting for smart functionality,3
Ascensionist Pack 35L,189,,"Body: 5.8-oz 420-denier 100% recycled nylon ripstop, Collar: 2.2-oz 70-denier 100% nylon ripstop with a silicone coating",35,Daypack/Traveling/Outdoor,8,1,The slim & simple Maple Gaming Keyboard from Dev Byte comes with a sleek body and 7- Color RGB LED Back-lighting for smart functionality,3
Rip Ruck 24 CC,175,,"Body: Robic Fabric, YKK Zippers",24,Daypack/Outdoor/Tactical,3,0,The Football Is Good For Training And Recreational Purposes,4
Urban Assault 24 Backpack,179,,500D CORDURA® fabric and YKK® zippers,24,Daypack/Outdoor/Tactical,56,0,Ergonomic executive chair upholstered in bonded black leather and PVC padded seat and back for all-day comfort and support,4
Coulee 25 Backpack,189,,"330D Robic nylon fabric,  YKK® zippers",25,Daypack/Outdoor/Tactical,82,0,The Football Is Good For Training And Recreational Purposes,4
Mission Duffel,250,,"Black: 840D TPU, Shadow: 1000D, CORDURA®, Wood: Waxed nylon, YKK® zippers",40/55/90,Daypack/Outdoor/Tactical,85,1,"The Apollotech B340 is an affordable wireless mouse with reliable connectivity, 12 months battery life and modern design",4
In and Out 22,99,,"100D CORDURA®; Mini Rip for durable, lightweight, packability, YKK® zippers",22,Daypack/Outdoor/Tactical,51,0,New range of formal shirts are designed keeping you in mind. With fits and styling that will make you stand apart,4
GR1®,325,,Primary Material (1000D Cordura),21 - 26,Daypack/Traveling/Outdoor/Tactical,73,0,Carbonite web goalkeeper gloves are ergonomically designed to give easy fit,5
GR2®,395,,Primary Material (1000D Cordura),26 - 40,Daypack/Traveling/Outdoor/Tactical,61,1,"The Nagasaki Lander is the trademarked name of several series of Nagasaki sport bikes, that started with the 1984 ABC800J",5
GR3®,425,,Primary Material (1000D Cordura),45,Daypack/Traveling/Outdoor/Tactical,21,0,"Boston's most advanced compression wear technology increases muscle oxygenation, stabilizes active muscles",5
Rucker 4.0,225,,Primary Material (Cordura),20 - 25,Daypack/Traveling/Outdoor/Tactical,119,0,"The automobile layout consists of a front-engine design, with transaxle-type transmissions mounted at the rear of the engine and four wheel drive",5
Rucker - Long Range,255,,Primary Material (Cordura),33 - 39,Daypack/Traveling/Outdoor/Tactical,44,1,The beautiful range of Apple Naturalé that has an exciting mix of natural ingredients. With the Goodness of 100% Natural Ingredients,5
Bullet Ruck - Classic,160,,Primary Material (Cordura),15,Daypack/Traveling/Outdoor/Tactical,87,0,Ergonomic executive chair upholstered in bonded black leather and PVC padded seat and back for all-day comfort and support,5
Echo Ruck - USA,295,,Primary Material (1000D Cordura),16,Daypack/Traveling/Outdoor/Tactical,39,1,The Football Is Good For Training And Recreational Purposes,5
Bullet Ruck - Heritage,345,,Army Waxed Canvas (Heavy Duty),15,Daypack/Traveling/Outdoor/Tactical,5,1,"Andy shoes are designed to keeping in mind durability as well as trends, the most stylish range of shoes & sandals",5
Rover Pack Classic,99,,"1000D recycled nylon, 420D recycled nylon, 210D recycled nylon on Blue/Khaki and Black/Khaki colors",20,Daypack/Outdoor,44,0,The Football Is Good For Training And Recreational Purposes,6
Rover Pack Tech,129,,"1000D recycled nylon, 420D recycled nylon,210D recycled nylon liner",24.3,Daypack/Outdoor,119,1,Carbonite web goalkeeper gloves are ergonomically designed to give easy fit,6
Core Pack,129,,"1000D recycled nylon with water repellent finish, 210D recycled nylon pack cloth liner",25,Daypack/Outdoor,101,1,"Boston's most advanced compression wear technology increases muscle oxygenation, stabilizes active muscles",6
Rover Pack Canvas,109,,"12oz cotton canvas with water repellent finish, 210D nylon pack cloth",20,Daypack/Outdoor,90,1,The beautiful range of Apple Naturalé that has an exciting mix of natural ingredients. With the Goodness of 100% Natural Ingredients,6
River Bag,109,,"1000D recycled nylon, 200D recycled nylon pack cloth collar & liner",12.8,Daypack/Outdoor,32,1,"The Apollotech B340 is an affordable wireless mouse with reliable connectivity, 12 months battery life and modern design",6
Daypack Classic,99,,"1000D recycled nylon, 210D recycled nylon liner",21.6,Daypack/Outdoor,19,0,The slim & simple Maple Gaming Keyboard from Dev Byte comes with a sleek body and 7- Color RGB LED Back-lighting for smart functionality,6
Mountain Pack 28L,179,,"200D lightweight recycled nylon ripstop, 210D recycled nylon liner",28,Daypack/Outdoor,57,1,The Football Is Good For Training And Recreational Purposes,6
Rover Pack Premium,169,,"1000D x 200D nylon / 450D TPE coated polyester ripstop, 210D nylon pack cloth liner",20,Daypack/Outdoor,18,0,"The Apollotech B340 is an affordable wireless mouse with reliable connectivity, 12 months battery life and modern design",6
Daypack Tech,129,," 1000D recycled nylon, 210D recycled nylon liner",21,Daypack/Outdoor,92,1,The Football Is Good For Training And Recreational Purposes,6
Klettersack Leather,189,,"1000D Cordura®️, 420D nylon pack cloth liner, Horween®️ Leather, 1050D ballistic Cordura (on black version)",25,Daypack/Outdoor,3,0,"Boston's most advanced compression wear technology increases muscle oxygenation, stabilizes active muscles",6
Light Pack Canvas,79,,"12oz cotton canvas with water repellent finish, 210D nylon pack cloth",18.5,Daypack/Outdoor,105,1,The Football Is Good For Training And Recreational Purposes,6
Daypack Leather,169,,"1000D Cordura®, 420D nylon pack cloth liner, Horween® leather; 1050D Cordura® on Ballistic Black/Black Leather version",21.6,Daypack/Outdoor,96,0,The slim & simple Maple Gaming Keyboard from Dev Byte comes with a sleek body and 7- Color RGB LED Back-lighting for smart functionality,6
Rover Pack Leather,159,,"1000D Cordura®, Horween® leather; 420D nylon pack cloth liner",20,Daypack/Outdoor,29,1,"Boston's most advanced compression wear technology increases muscle oxygenation, stabilizes active muscles",6
Mountain Pack 16L,119,,"200D lightweight recycled nylon ripstop, 210D recycled nylon liner",16,Daypack/Outdoor,46,1,"The Nagasaki Lander is the trademarked name of several series of Nagasaki sport bikes, that started with the 1984 ABC800J",6
Y-Pack,79,,"1000D recycled nylon, 210D recycled nylon pack cloth liner",23.8,Daypack/Outdoor,68,0,The beautiful range of Apple Naturalé that has an exciting mix of natural ingredients. With the Goodness of 100% Natural Ingredients,6
Rover Pack Mini,69,,"420D recycled nylon pack cloth, 210D recycled nylon pack cloth liner",10,Daypack/Outdoor,50,0,"The Nagasaki Lander is the trademarked name of several series of Nagasaki sport bikes, that started with the 1984 ABC800J",6
Klettersack Heritage Canvas ,119,,"14.75 oz cotton canvas with water repellent finish / Horween®️ Leather, cotton canvas liner",25,Daypack/Outdoor,35,0,The beautiful range of Apple Naturalé that has an exciting mix of natural ingredients. With the Goodness of 100% Natural Ingredients,6
Topolite™ Cinch Pack 16L,79,,40D lightweight 100% recycled nylon ripstop with silicone water resistant coating,16,Daypack/Outdoor,115,1,The beautiful range of Apple Naturalé that has an exciting mix of natural ingredients. With the Goodness of 100% Natural Ingredients,6
Global Travel Bag 30L,199,,"1000D recycled nylon, 400D recycled nylon, 210D recycled nylon, 1680D recycled ballistic nylon",30,Daypack/Travelling,41,0,New range of formal shirts are designed keeping you in mind. With fits and styling that will make you stand apart,6
Global Travel Bag 45L,229,,"1000D recycled nylon, 400D recycled nylon, 210D recycled nylon, 1680D recycled ballistic nylon",45,Daypack/Travelling,36,1,The Football Is Good For Training And Recreational Purposes,6
Daypack - Ballistic Nylon,225,,1680D Ballistic Nylon with DWR coating,22,Daypack/Outdoor,9,1,Carbonite web goalkeeper gloves are ergonomically designed to give easy fit,7
Ruckpack - Ballistic Nylon,275,,1680D Ballistic Nylon with DWR coating,25,Daypack/Outdoor,71,0,"The Apollotech B340 is an affordable wireless mouse with reliable connectivity, 12 months battery life and modern design",7
Daypack - RND Edition - Black Dyneema,395,,"5.0 oz Dyneema Composite Fabric, 410D Nylon Packcloth with DWR coating ",22,Daypack/Outdoor,102,0,Carbonite web goalkeeper gloves are ergonomically designed to give easy fit,7
Daypack - Dot Grid,225,,420D Nylon/Poly Dot Grid Fabric,22,Daypack/Outdoor,98,1,"The Nagasaki Lander is the trademarked name of several series of Nagasaki sport bikes, that started with the 1984 ABC800J",7
Ridgepack - Ballistic Nylon,168,,1680D Ballistic Nylon with DWR coating,18,Daypack/Outdoor,97,1,The beautiful range of Apple Naturalé that has an exciting mix of natural ingredients. With the Goodness of 100% Natural Ingredients,7
Ridgepack - Black Dyneema,260,,5.0 oz Dyneema Composite Fabric,18,Daypack/Outdoor,93,0,Carbonite web goalkeeper gloves are ergonomically designed to give easy fit,7
Ridgepack - Ecopak,198,,ECOPAK 450D RS w/ 45º Blue CrossPly yarn and RUV matte film backing (100% recycled polyester),18,Daypack/Outdoor,18,1,"The Apollotech B340 is an affordable wireless mouse with reliable connectivity, 12 months battery life and modern design",7
Ridgepack - Dot Grid,168,,420D Nylon/Poly Dot Grid Fabric,18,Daypack/Outdoor,10,1,Carbonite web goalkeeper gloves are ergonomically designed to give easy fit,7
Bookpack - Black Multicam Cordura Nylon,136.5,,500D Black Multicam® Cordura with DWR coating,18,Daypack/Outdoor,120,1,The beautiful range of Apple Naturalé that has an exciting mix of natural ingredients. With the Goodness of 100% Natural Ingredients,7
Utility Ruck - Ballistic Nylon,204,,1680D Ballistic Nylon with DWR coating,28,Daypack/Outdoor,72,1,The Football Is Good For Training And Recreational Purposes,7
Mini Utility Ruck - Ballistic Nylon,172,,1680D Ballistic Nylon with DWR coating,12,Daypack/Outdoor,3,0,New range of formal shirts are designed keeping you in mind. With fits and styling that will make you stand apart,7
ConcealPack™ 21L EDC - XPAC XV21 Fatigue ,350,,"DWR Coated, XPAC® VX21, Fatigue",21,Daypack/Outdoor,99,0,The Football Is Good For Training And Recreational Purposes,8
ConcealPack™ 21L EDC - STORMPROOF® Ballistic Black ,350,,"DWR Coated, 1050D STORMPROOF® Ballistic Nylon",21,Daypack/Outdoor,4,0,The slim & simple Maple Gaming Keyboard from Dev Byte comes with a sleek body and 7- Color RGB LED Back-lighting for smart functionality,8
ConcealPack™ 21L EDC -  X50 Multicam® Tropic,350,,"DWR Coated, X50 Dimension-Polyant® MULTICAM® Tropic",21,Daypack/Outdoor,83,0,"The Apollotech B340 is an affordable wireless mouse with reliable connectivity, 12 months battery life and modern design",8
UL™ 20 Backpack,60,,"Durable, recycled 200D ripstop nylon",20,Daypack/Outdoor,19,0,New range of formal shirts are designed keeping you in mind. With fits and styling that will make you stand apart,9
Huell™ 25 Backpack,67.5,,"1200D Recycled Polyester Plain Weave, 100% Recycled Polyester",25,Daypack/Outdoor,102,0,Ergonomic executive chair upholstered in bonded black leather and PVC padded seat and back for all-day comfort and support,9
Tallac™ 25 Backpack,52.5,,"Recycled 600D Polyester, 100% recycled polyester",25,Daypack/Outdoor,41,1,The Football Is Good For Training And Recreational Purposes,9
Camp 4™ 28 Backpack,120,,420D nylon with special carbonate coating for additional durability,28,Daypack/Outdoor,87,1,Ergonomic executive chair upholstered in bonded black leather and PVC padded seat and back for all-day comfort and support,9
JMT™ 25L Backpack,105,,Recycled 210D ripstop shell and 500D Cordura base are lightweight yet super durable,25,Daypack/Outdoor,31,0,"The automobile layout consists of a front-engine design, with transaxle-type transmissions mounted at the rear of the engine and four wheel drive",9
Osprey Heritage Simplex 20 Nanofly,125,,500D high tenacity nylon recy BSAPP C0,20,Daypack/Outdoor,16,1,"The automobile layout consists of a front-engine design, with transaxle-type transmissions mounted at the rear of the engine and four wheel drive",10
Osprey Heritage Scarab 30 Nanofly,145,,500D high tenacity nylon recy BSAPP C1,30,Daypack/Outdoor,23,1,"The Nagasaki Lander is the trademarked name of several series of Nagasaki sport bikes, that started with the 1984 ABC800J",10
Osprey Heritage Turnstone 42,135,,500D high tenacity nylon recy BSAPP C2,42,Daypack/Outdoor,58,1,"New ABC 13 9370, 13.3, 5th Gen CoreA5-8250U, 8GB RAM, 256GB SSD, power UHD Graphics, OS 10 Home, OS Office A & J 2016",10
Tropos,135,,"bluesign® approved 210D recycled honey comb contrast nylon, PFC/PFAS-free DWR",32,Daypack/Outdoor,31,0,New range of formal shirts are designed keeping you in mind. With fits and styling that will make you stand apart,10
Quasar,88.5,,"bluesign® approved 210D recycled honey comb contrast nylon, PFC/PFAS-free DWR",26,Daypack/Outdoor,87,0,The Football Is Good For Training And Recreational Purposes,10
Parsec,131,,"bluesign® approved 210D recycled honey comb nylon, PFC/PFAS-free DWR",26,Daypack/Outdoor,15,0,"Boston's most advanced compression wear technology increases muscle oxygenation, stabilizes active muscles",10
Metron 24,145.7,,"bluesign® approved 500D recycled high tenacity nylon, PFC/PFAS-free DWR",24,Daypack/Outdoor,63,1,"New ABC 13 9370, 13.3, 5th Gen CoreA5-8250U, 8GB RAM, 256GB SSD, power UHD Graphics, OS 10 Home, OS Office A & J 2016",10
Radial,156,,210D Nylon Dobby,34,Daypack/Outdoor,10,0,"The automobile layout consists of a front-engine design, with transaxle-type transmissions mounted at the rear of the engine and four wheel drive",10
Talon Earth 22,166.5,,"Bluesign® approved recycled 100D x 210D wave check high-tenacity nylon, PFC/PFAS-free DWR",22,Daypack/Outdoor,57,1,Ergonomic executive chair upholstered in bonded black leather and PVC padded seat and back for all-day comfort and support,10
Flare,88.45,,300D X 450D Polyester Recycled BSAPP C0,27,Daypack/Outdoor,92,0,Carbonite web goalkeeper gloves are ergonomically designed to give easy fit,10
Daylite Expandible Travel Pack 26 + 6,93.65,,300D Polyester Ripstop Recy BSAPP C0,32,Daypack/Outdoor,63,1,"Andy shoes are designed to keeping in mind durability as well as trends, the most stylish range of shoes & sandals",10
Transporter Carry-on Bag,156,,450D Polyester Recy BSAPP C0 TPU Coated,44,Daypack/Outdoor/Traveling,43,0,The Football Is Good For Training And Recreational Purposes,10
Transporter Global Carry-on Bag,145.68,,450D Polyester Recy BSAPP C0 TPU Coated,36,Daypack/Outdoor/Traveling,19,0,"The automobile layout consists of a front-engine design, with transaxle-type transmissions mounted at the rear of the engine and four wheel drive",10
Porter 46,175,,bluesign®-approved Recycled 500D Nylon Packcloth PFC Free DWR,46,Daypack/Outdoor/Traveling,13,0,Carbonite web goalkeeper gloves are ergonomically designed to give easy fit,10
Archeon 28,156,,1880D Recycled Nylon Canvas,28,Daypack/Outdoor/Traveling,8,1,"New ABC 13 9370, 13.3, 5th Gen CoreA5-8250U, 8GB RAM, 256GB SSD, power UHD Graphics, OS 10 Home, OS Office A & J 2016",10
Farpoint 40,151,,"bluesign® approved 450D recycled twist dobby polyester, PFC/PFAS-free DWR",40,Daypack/Outdoor/Traveling,34,1,New range of formal shirts are designed keeping you in mind. With fits and styling that will make you stand apart,10
